{
    "diabetes": {
        "accuracy": 0.7597402597402597,
        "precision": 0.6666666666666666,
        "recall": 0.6296296296296297,
        "f1": 0.6476190476190476,
        "roc_auc": 0.8177777777777778,
        "samples": 768,
        "positive_prevalence": 0.3489583333333333
    },
    "heart": {
        "accuracy": 0.8360655737704918,
        "precision": 0.7647058823529411,
        "recall": 0.9285714285714286,
        "f1": 0.8387096774193549,
        "roc_auc": 0.9274891774891775,
        "samples": 303,
        "positive_prevalence": 0.45874587458745875
    },
    "liver": {
        "accuracy": 0.6923076923076923,
        "precision": 0.7326732673267327,
        "recall": 0.891566265060241,
        "f1": 0.8043478260869565,
        "roc_auc": 0.7377746279234586,
        "samples": 583,
        "positive_prevalence": 0.7135506003430532
    },
    "stroke": {
        "accuracy": 0.786692759295499,
        "precision": 0.12831858407079647,
        "recall": 0.58,
        "f1": 0.21014492753623187,
        "roc_auc": 0.7874485596707819,
        "samples": 5110,
        "positive_prevalence": 0.0487279843444227
    },
    "kidney": {
        "accuracy": 1.0,
        "precision": 1.0,
        "recall": 1.0,
        "f1": 1.0,
        "roc_auc": 1.0,
        "samples": 397,
        "positive_prevalence": 0.6246851385390428
    }
}