{
    "diabetes": {
        "accuracy": 0.7597402597402597,
        "precision": 0.6888888888888889,
        "recall": 0.5740740740740741,
        "f1": 0.6262626262626263,
        "roc_auc": 0.8233333333333333,
        "samples": 768,
        "positive_prevalence": 0.3489583333333333
    },
    "heart": {
        "accuracy": 0.9016393442622951,
        "precision": 0.8666666666666667,
        "recall": 0.9285714285714286,
        "f1": 0.896551724137931,
        "roc_auc": 0.9507575757575757,
        "samples": 303,
        "positive_prevalence": 0.45874587458745875
    },
    "liver": {
        "accuracy": 0.7350427350427351,
        "precision": 0.7549019607843137,
        "recall": 0.927710843373494,
        "f1": 0.8324324324324325,
        "roc_auc": 0.7767540751240254,
        "samples": 583,
        "positive_prevalence": 0.7135506003430532
    },
    "stroke": {
        "accuracy": 0.949119373776908,
        "precision": 0.0,
        "recall": 0.0,
        "f1": 0.0,
        "roc_auc": 0.7946193415637859,
        "samples": 5110,
        "positive_prevalence": 0.0487279843444227
    }
}